{"cameraMode":{"drawMode":0,"name":"Shaded","section":"Shading Mode"},"sceneLighting":false,"audioPlay":false,"sceneViewState":{"m_AlwaysRefresh":false,"showFog":true,"showSkybox":true,"showFlares":true,"showImageEffects":true,"showParticleSystems":true,"showVisualEffectGraphs":true,"m_FxEnabled":true},"in2DMode":false,"pivot":{"x":0.0036143213510513307,"y":0.361689954996109,"z":-0.6700000166893005},"rotation":{"x":-0.17601807415485383,"y":0.33581775426864626,"z":-0.06402505934238434,"w":-0.9231327772140503},"size":0.48794615268707278,"orthographic":false}